{
  "3600": {
    "organismAmount": 96,
    "sightAngles": [
      99.73500061035156,
      124.97999572753906,
      122.08999633789063,
      115.88500213623047,
      125.23500061035156,
      118.60499572753906,
      133.22500610351563,
      127.10499572753906,
      128.88999938964844,
      107.80999755859375,
      154.55999755859375,
      109.8499984741211,
      102.28500366210938,
      90.12999725341797,
      134.83999633789063,
      129.57000732421875,
      118.69000244140625,
      145.97500610351563,
      82.3949966430664,
      136.02999877929688,
      112.65499877929688,
      116.56500244140625,
      88.94000244140625,
      113.16500091552734,
      150.30999755859375,
      107.80999755859375,
      118.60499572753906,
      154.55999755859375,
      154.55999755859375,
      154.55999755859375,
      134.83999633789063,
      107.97999572753906,
      145.97500610351563,
      109.8499984741211,
      111.63499450683594,
      118.60499572753906,
      115.88500213623047,
      157.6199951171875,
      99.73500061035156,
      107.80999755859375,
      154.55999755859375,
      133.22500610351563,
      90.12999725341797,
      118.60499572753906,
      125.23500061035156,
      102.625,
      118.60499572753906,
      125.23500061035156,
      115.88500213623047,
      112.56999969482422,
      157.6199951171875,
      154.55999755859375,
      154.55999755859375,
      154.55999755859375,
      145.97500610351563,
      110.36000061035156,
      154.55999755859375,
      107.80999755859375,
      129.57000732421875,
      158.72500610351563,
      117.2449951171875,
      118.60499572753906,
      125.23500061035156,
      124.97999572753906,
      135.17999267578125,
      118.60499572753906,
      154.55999755859375,
      124.97999572753906,
      118.60499572753906,
      134.83999633789063,
      154.55999755859375,
      107.80999755859375,
      124.97999572753906,
      118.60499572753906,
      127.10499572753906,
      102.28500366210938,
      154.55999755859375,
      118.60499572753906,
      127.10499572753906,
      127.10499572753906,
      103.13500213623047,
      107.80999755859375,
      145.97500610351563,
      112.65499877929688,
      118.60499572753906,
      107.80999755859375,
      154.55999755859375,
      134.83999633789063,
      157.6199951171875,
      109.8499984741211,
      131.01499938964844,
      133.22500610351563,
      127.10499572753906,
      108.57499694824219,
      149.20498657226563
    ],
    "sightReaches": [
      55.04999923706055,
      65.69999694824219,
      86.55000305175781,
      70.69999694824219,
      60.70000076293945,
      58.599998474121094,
      65.1500015258789,
      91.55000305175781,
      51.849998474121094,
      73.75,
      61.349998474121094,
      54.25,
      71.30000305175781,
      74.0,
      62.849998474121094,
      77.30000305175781,
      52.54999923706055,
      76.44999694824219,
      59.45000076293945,
      84.94999694824219,
      94.55000305175781,
      88.94999694824219,
      68.5,
      87.44999694824219,
      54.04999923706055,
      73.69999694824219,
      58.599998474121094,
      61.349998474121094,
      61.349998474121094,
      61.349998474121094,
      62.849998474121094,
      54.25,
      76.44999694824219,
      54.25,
      70.69999694824219,
      58.599998474121094,
      70.69999694824219,
      61.349998474121094,
      55.04999923706055,
      73.75,
      59.54999923706055,
      63.400001525878906,
      74.0,
      58.599998474121094,
      59.25,
      55.900001525878906,
      58.599998474121094,
      60.70000076293945,
      70.69999694824219,
      70.69999694824219,
      60.29999923706055,
      61.349998474121094,
      61.349998474121094,
      59.04999923706055,
      76.44999694824219,
      95.5999984741211,
      59.099998474121094,
      73.75,
      77.30000305175781,
      61.349998474121094,
      86.05000305175781,
      58.599998474121094,
      60.70000076293945,
      65.69999694824219,
      65.69999694824219,
      58.599998474121094,
      61.349998474121094,
      65.69999694824219,
      58.599998474121094,
      62.849998474121094,
      60.849998474121094,
      73.69999694824219,
      65.69999694824219,
      58.599998474121094,
      89.55000305175781,
      71.30000305175781,
      61.349998474121094,
      59.70000076293945,
      91.55000305175781,
      91.55000305175781,
      72.1500015258789,
      73.75,
      76.44999694824219,
      94.55000305175781,
      59.54999923706055,
      74.80000305175781,
      61.349998474121094,
      62.849998474121094,
      60.29999923706055,
      54.25,
      91.55000305175781,
      65.1500015258789,
      91.55000305175781,
      54.25,
      54.04999923706055
    ],
    "sizes": [
      15.39900016784668,
      13.572999954223633,
      14.211000442504883,
      17.279998779296875,
      19.45800018310547,
      19.986000061035156,
      17.236000061035156,
      18.677000045776367,
      16.08099937438965,
      18.72100067138672,
      15.432000160217285,
      20.569000244140625,
      19.172000885009766,
      12.560999870300293,
      19.292999267578125,
      19.501998901367188,
      14.39799976348877,
      13.430000305175781,
      16.972000122070313,
      17.246999740600586,
      15.993000030517578,
      18.963001251220703,
      22.43899917602539,
      17.9950008392334,
      21.459999084472656,
      18.72100067138672,
      20.30500030517578,
      15.432000160217285,
      15.432000160217285,
      15.432000160217285,
      19.292999267578125,
      20.569000244140625,
      13.430000305175781,
      20.569000244140625,
      17.279998779296875,
      19.986000061035156,
      17.279998779296875,
      15.630000114440918,
      15.39900016784668,
      18.72100067138672,
      15.432000160217285,
      17.236000061035156,
      12.560999870300293,
      20.30500030517578,
      19.45800018310547,
      15.39900016784668,
      19.986000061035156,
      19.117000579833984,
      17.279998779296875,
      17.279998779296875,
      15.630000114440918,
      15.432000160217285,
      14.947999954223633,
      15.432000160217285,
      13.430000305175781,
      15.83899974822998,
      15.432000160217285,
      18.72100067138672,
      19.501998901367188,
      15.432000160217285,
      18.0939998626709,
      19.986000061035156,
      19.43600082397461,
      13.572999954223633,
      17.236000061035156,
      20.30500030517578,
      15.432000160217285,
      13.749000549316406,
      20.480998992919922,
      19.292999267578125,
      15.333000183105469,
      18.72100067138672,
      13.572999954223633,
      20.30500030517578,
      18.368999481201172,
      19.172000885009766,
      15.520000457763672,
      20.30500030517578,
      19.138999938964844,
      18.677000045776367,
      19.402999877929688,
      18.72100067138672,
      13.430000305175781,
      15.993000030517578,
      19.986000061035156,
      18.72100067138672,
      15.432000160217285,
      19.52400016784668,
      15.630000114440918,
      20.569000244140625,
      18.677000045776367,
      17.236000061035156,
      18.677000045776367,
      20.569000244140625,
      21.459999084472656
    ]
  }
}